primitive,source_title,source_owner,date_or_status,stable_url,exact_fact,evidence_status,limitation
I1_shared_core,"NEXs Tokyoとは","東京都 / NEXs Tokyo","current 2026","https://www.nexstokyo.metro.tokyo.lg.jp/about","NEXs Tokyo describes itself as a community connecting startups, large firms, local governments and support institutions across Japan, explicitly leveraging Tokyo's concentration of information and human networks and providing a Tokyo/Marunouchi community space.",SUPPORTED,"NEXs Tokyo is one candidate central ecosystem, not proof that every regional hub uses the same core."
I1_shared_core,"Startup Ecosystem Tokyo Consortium","内閣府","current programme","https://www8.cao.go.jp/cstp/openinnovation/ecosystem/kyotentoshi.html","The Tokyo consortium is organized around dense central Tokyo startup/VC/corporate concentrations and connects surrounding research cities through a hub-and-spoke architecture.",SUPPORTED,"The first-period geography is Tokyo-region focused rather than nationwide."
I2_core_network_value,"NEXs Tokyo community space / membership","東京都 / NEXs Tokyo","current 2026","https://www.nexstokyo.metro.tokyo.lg.jp/about/community","The official description emphasizes information, expert networks, events, partners and mutual connections as the source of value for regional and Tokyo startups using the central community.",SUPPORTED,"It supports network-value plausibility but does not estimate a structural beta."
I2_core_network_value,"NEXs Tokyo membership benefits","東京都 / NEXs Tokyo","current 2026","https://www.nexstokyo.metro.tokyo.lg.jp/member-recruitment","Matching concierges, partners, mentors, information sharing and connection opportunities are explicit member benefits.",SUPPORTED,"No causal estimate that each additional participant raises utility linearly."
I3_regional_entry_diversion,"首都圏における官民共創イベント企画・運営委託業務","愛媛県","2026-06-24","https://www.pref.ehime.jp/site/nyusatsu/149716.html","Ehime states that E:N BASE activities will be taken to the metropolitan area to strengthen networks between E:N BASE members and metropolitan companies and create mutual collaboration.",PLAUSIBLE_BUT_INDIRECT,"This evidence points toward complementarity/linkage rather than direct crowd-out of the core; it does not establish diversion."
I3_regional_entry_diversion,"あたらしい愛媛の未来を切り拓くDX実行プラン","愛媛県","revised 2025-03","https://www.pref.ehime.jp/page/60521.html","Ehime explicitly describes digital, metropolitan and planned in-prefecture co-creation hubs as three hubs to be utilized in promoting public-private co-creation.",PLAUSIBLE_BUT_INDIRECT,"Portfolio design is more consistent with complementarity than single-homing substitution."
I3_regional_entry_diversion,"NEXs Tokyo collaborative programme","東京都 / NEXs Tokyo","current 2026","https://nexstokyo.metro.tokyo.lg.jp/program/collaborative","The DIVE course is designed for regional startups to use the metropolitan ecosystem for business acceleration, while JUMP connects Tokyo startups to regions.",PLAUSIBLE_BUT_INDIRECT,"Directly weakens a literal claim that local ecosystems necessarily substitute for Tokyo participation. Partial substitution in finite founder time remains plausible but unmeasured."
I4_common_core_across_regions,"NEXs Tokyo startup membership","東京都 / NEXs Tokyo","current 2026","https://www.nexstokyo.metro.tokyo.lg.jp/member/startup","Membership is searchable across all Japanese regions, including Shikoku, and the same programme/community is offered to startups based outside Tokyo.",SUPPORTED,"Common programme access is not identical to identical effective outside options for every firm."
I4_common_core_across_regions,"NEXs Tokyo programme concept","東京都 / NEXs Tokyo","current 2026","https://www.nexstokyo.metro.tokyo.lg.jp/about","The programme explicitly connects startups and support actors from nationwide regions through Tokyo resources.",SUPPORTED,"Heterogeneous sector-specific networks may mean firms do not all share the same effective core."
I5_cross_regional_friction,"E:N BASE opening / operation","愛媛県","opened 2026-05","https://www.pref.ehime.jp/page/140858.html","E:N BASE is a physical local facility in Ehime with resident community managers, local events, workshops and project support.",PLAUSIBLE_BUT_INDIRECT,"Physical location and local relationships make cross-regional use more costly, but tau is not directly measured."
I5_cross_regional_friction,"Setouchi-i-Base facility","香川県 / Setouchi-i-Base","current 2026","https://setouchiibase.jp/","Setouchi-i-Base is a physical Takamatsu open-innovation facility with coworking, events, coordinators and business matching; it aims to draw people and firms from inside and outside Kagawa.",PLAUSIBLE_BUT_INDIRECT,"The facility is deliberately broad-area, so administrative borders are not absolute barriers."
I6_binary_establishment,"E:N BASE official opening","愛媛県","opened 2026-05","https://www.pref.ehime.jp/site/nyusatsu/135524.html","Ehime made a discrete institutional/facility commitment to open E:N BASE in May 2026 and commissioned continuous accompaniment/support functions.",SUPPORTED,"Actual intensity and capacity are continuous after opening; binary entry is a reduced-form approximation."
I6_binary_establishment,"Setouchi-i-Base","香川県 / Setouchi-i-Base","opened 2020-11-07","https://setouchiibase.jp/pub/top/pre1","Kagawa established a dedicated open-innovation facility with fixed physical and programme infrastructure.",SUPPORTED,"Same reduced-form caveat as E:N BASE."
Generality_retail,"Do we go shopping downtown or in the 'burbs?","Ushchev, Sloev, Thisse","JUE 2015","https://doi.org/10.1016/j.jue.2014.10.001","Consumers allocate shopping across a downtown marketplace and peripheral mall; marketplace size creates a network effect through variety and a large mall can hollow out downtown retail.",SUPPORTED,"Consumers may visit both marketplaces; canonical single-homing is best interpreted per shopping occasion."
Generality_retail,"Shopping externalities and retail concentration","Journal of Urban Economics article","published","https://www.sciencedirect.com/science/article/pii/S0094119019300713","Retail productivity depends on local footfall; more stores attract pedestrians and create positive shopping externalities.",SUPPORTED,"Footfall is an agglomeration externality rather than a literal platform installed base."
Generality_airport,"Network Effects, Congestion Externalities, and Air Traffic Delays","Mayer and Sinai","AER 2003","https://www.aeaweb.org/articles?id=10.1257/000282803769206269","Hub airports generate network benefits because clustered flights provide passengers with many connection opportunities; hubbing effects are empirically important.",SUPPORTED,"Airline route choice mediates the relation between passenger volume and connectivity."
Generality_airport,"Airport hub systematic review","Peng et al.","RTBM 2026","https://doi.org/10.1016/j.rtbm.2026.101806","Hub status and performance are tied to network position, traffic concentration, transfer connectivity and operating capability.",SUPPORTED,"Review does not directly estimate the candidate bilateral entry externality."
Generality_airport,"Regional dependence on foreign hubs / hub bypass","Journal of Transport Geography article","2015","https://doi.org/10.1016/j.jtrangeo.2014.11.008","Regional airport hub-bypassing is documented as a way to develop new markets and reduce dependence on a central hub.",SUPPORTED,"The bypass mechanism is route/network mediated rather than identical to the canonical one-sided utility equation."
